id,category
0,0.37915017796422723
1,0.6268841934725229
2,0.7655878560129045
3,0.6208881011055895
4,0.8496599119655288
5,0.8051690205530659
6,0.38083298438770785
7,0.7111690334111034
8,0.5951759119441785
9,0.8467757971127368
10,0.657144122893832
11,0.7661097493908209
12,0.3535630245099768
13,0.5864201849402229
14,0.23483518159286
15,0.816664537917538
16,0.8131473656010585
17,0.7143427990968046
18,0.5027025176298769
19,0.7838327408070583
