id,category
0,0.4647099825567029
1,0.36644075680862165
2,0.46124189543025174
3,0.7164449577984897
4,0.7426943152263044
5,0.3526443781674733
6,0.3056212935336622
7,0.29251491295471665
8,0.6905333707875503
9,0.423549455883544
10,0.6135507163374663
11,0.3702036937061268
12,0.3125816624816933
13,0.36720868058147826
14,0.4260219160238463
15,0.7878753736805533
16,0.5347387432259076
17,0.49517610502296894
18,0.34883567292995066
19,0.5056944065135693
